d,r,n,x_0,alpha_0,y_0,beta_0,l,dc
122.3953488372093,100.0,271.0,-20.0,0.09529497715889039,0.0,0.1616174887346749,33.16913953488372,25.78445670501844
